{
    "motorcycle": {
        "MAE": 19.831623606558352,
        "RMSE": 25.75133815189426,
        "R2": 0.28017567714320746
    },
    "car": {
        "MAE": 29.281843084295346,
        "RMSE": 37.41881195662034,
        "R2": 0.40034017230247876
    },
    "bus": {
        "MAE": 2.2057808923883004,
        "RMSE": 3.8732575973171652,
        "R2": 0.2684482619756374
    },
    "truck": {
        "MAE": 0.9360506922631316,
        "RMSE": 1.373173150646538,
        "R2": 0.03637431202561503
    }
}